{
  "R_cw": [
    [
      -0.14294737767815846,
      -0.9871956173611665,
      -0.07078743022488804
    ],
    [
      -0.3105483164873198,
      0.11264782138123242,
      -0.9438592116756361
    ],
    [
      0.9397477269681631,
      -0.11293928192160346,
      -0.3226746476827753
    ]
  ],
  "t_cw": [
    0.11594237959199574,
    0.2898977815769449,
    0.3217973727944751
  ],
  "dL": [
    -3.11395026235141,
    0.5297128944237061,
    1.6811434062553248
  ],
  "dR": [
    1.7720994302252102,
    -3.6113300326048017,
    2.3912475137799105
  ],
  "rvec_L": [
    -1.063564055339559,
    2.1778669415837273,
    0.2924336478139534
  ],
  "dT_L": [
    3.1034725065598012,
    -0.4699389881817026,
    -1.6789771513346272
  ],
  "rvec_R": [
    -1.990331339614614,
    -1.900527228576014,
    0.6033405675129295
  ],
  "dT_R": [
    -1.5364885766981273,
    3.6757091562143556,
    -2.4273787931435753
  ],
  "USE_WRIST_OFFSET": true
}