{
  "R_cw": [
    [
      0.03096555445804894,
      -0.9979578660387287,
      -0.05586798769002266
    ],
    [
      -0.4888928228484341,
      0.03362970627872097,
      -0.8716953886667617
    ],
    [
      0.8717940939260803,
      0.054305989237227514,
      -0.48685307571029157
    ]
  ],
  "t_cw": [
    0.029232195525603046,
    0.35540608145886404,
    0.311397863102029
  ],
  "dL": [
    -0.005546381773705143,
    0.012623080441402864,
    -0.002792973045094761
  ],
  "dR": [
    0.00019280030617650984,
    0.003584389914722609,
    0.0188478059203267
  ],
  "rvec_L": [
    -1.177207691506632,
    2.551239270369501,
    0.8851990608869548
  ],
  "dT_L": [
    0.04123898045217999,
    -0.010536167267204343,
    0.09460002695963543
  ],
  "rvec_R": [
    2.0460673345540927,
    -0.9038066688061043,
    -0.6241786505489235
  ],
  "dT_R": [
    0.14299377277792963,
    -0.10918269026651067,
    0.10806394700016107
  ]
}