shape,dtype,min,max,mean,std,len
"(1062,)",float32,0.0,880.0,13.01224136352539,80.94908142089844,1062
