shape,dtype,min,max,mean,std,len
"(1062,)",float32,0.0,455.0,3.5216572284698486,30.048629760742188,1062
