shape,dtype,min,max,mean,std,len
"(1062,)",float32,0.0,519.0,3.909604549407959,35.5848274230957,1062
