shape,dtype,min,max,mean,std,len
"(1062,)",float32,0.0,3973.0,196.914306640625,513.7745971679688,1062
