shape,dtype,min,max,mean,std,len
"(1062,)",float32,0.0,2242.0,18.452919006347656,161.9097137451172,1062
